id;external_hold_id;external_process_id;professional_id;date;start_time;end_time;status;expires_at;created_at;user_id
1;as;recent draw;25683;2026-10-07;atop;wretched;CANCELLED;2026-10-07T14:58:31;2026-10-07T04:22:24;1
2;if disapprove relieve;whenever athwart;6128;2026-10-07;who swit;tall dec;HELD;2026-10-07T15:27:32;2026-10-07T13:27:24;2
3;pfft;sway;23702;2026-10-07;great ab;heavenly;EXPIRED;2026-10-07T13:55:53;2026-10-07T14:30:06;2
4;instead for;acquire institute wherever;6706;2026-10-07;moor gee;since th;HELD;2026-10-07T03:00:34;2026-10-07T20:31:46;2
5;nutritious meaningfully;near about;30351;2026-10-07;ah meani;for prof;EXPIRED;2026-10-07T07:31:06;2026-10-07T04:00:46;2
6;ack pace midst;yum a;30008;2026-10-07;woot ouc;synergy ;EXPIRED;2026-10-07T01:54:48;2026-10-07T05:12:05;2
7;calmly;free mysteriously;26185;2026-10-07;inside f;never;EXPIRED;2026-10-07T19:38:07;2026-10-07T21:43:15;2
8;next;whenever pish warm;14239;2026-10-07;silently;chunter ;CANCELLED;2026-10-07T03:02:43;2026-10-07T12:03:22;1
9;reach;trusting whoa given;27858;2026-10-07;suspicio;under ha;EXPIRED;2026-10-07T22:39:57;2026-10-07T17:05:37;1
10;till valiantly that;outside cleverly so;6040;2026-10-07;scarcely;drive th;CANCELLED;2026-10-07T11:39:16;2026-10-07T10:24:16;1
