id;external_process_id;professional_id;date;start_time;patient_first_name;patient_last_name;status;expires_at;request_event_id;phone_number;created_at;updated_at;hold_id;user_id
1;shirk bashfully during;31611;2026-10-07;heartach;unless inscribe;miserly marvelous shimmering;WAITING_FOR_PHONE;2026-10-07T23:46:13;ew bruised;common;2026-10-07T04:20:11;2026-10-07T22:00:19;1;1
2;anti contrast;27557;2026-10-07;once dra;plastic;hygienic since in;PHONE_SUBMITTED;2026-10-07T12:31:19;flight;whenever at;2026-10-07T04:25:20;2026-10-07T14:45:00;2;2
3;fooey;12118;2026-10-07;though m;yuck ugh;gosh within shrill;CONFIRMED;2026-10-07T13:41:09;hefty yum;smooth;2026-10-07T03:10:11;2026-10-07T18:52:55;3;1
4;widow eek;27225;2026-10-07;likewise;ha upwardly;ack;PHONE_SUBMITTED;2026-10-07T19:49:31;willfully pace besides;spook border;2026-10-07T13:30:11;2026-10-07T22:07:49;4;2
5;up modulo;16495;2026-10-07;uh-huh p;whoever misread bah;yahoo knowledgeably;REJECTED;2026-10-07T22:30:36;never plait;after faraway;2026-10-07T06:12:39;2026-10-07T09:14:53;5;2
6;concerned;23906;2026-10-07;instantl;pace consequently;er besmirch enchanted;CONFIRMED;2026-10-07T09:04:11;oh;meanwhile both for;2026-10-07T21:30:07;2026-10-07T06:22:37;6;1
7;yet overcooked;27640;2026-10-07;festival;best ultimately smoothly;battle;REJECTED;2026-10-07T17:48:45;fortunately pfft;blah hole;2026-10-07T08:00:52;2026-10-07T00:24:41;7;1
8;ultimately times;9678;2026-10-07;massage ;oxidize fuzzy;to;FAILED;2026-10-07T05:56:06;present how faithfully;although closely tou;2026-10-07T23:46:28;2026-10-07T13:13:36;8;2
9;only minus phew;5136;2026-10-07;although;hunger ha;thigh without duh;PHONE_REQUESTED;2026-10-07T20:31:23;till emulsify jubilantly;exactly rarely ew;2026-10-07T22:45:55;2026-10-07T17:53:44;9;2
10;intensely soup cheetah;17206;2026-10-07;after di;quarrelsomely secret or;uh-huh gee ugh;FAILED;2026-10-07T18:05:41;aw midst evenly;designation;2026-10-07T09:30:24;2026-10-07T09:31:14;10;2
